{
  "version": "5",
  "dialect": "mysql",
  "id": "3758b424-2adb-4fc1-aff6-8409ceea1931",
  "prevId": "00000000-0000-0000-0000-000000000000",
  "tables": {
    "subscribers": {
      "name": "subscribers",
      "columns": {
        "cuid": {
          "name": "cuid",
          "type": "text",
          "primaryKey": true,
          "notNull": true,
          "autoincrement": false
        },
        "email": {
          "name": "email",
          "type": "varchar(120)",
          "primaryKey": false,
          "notNull": false,
          "autoincrement": false
        },
        "token": {
          "name": "token",
          "type": "varchar(50)",
          "primaryKey": false,
          "notNull": false,
          "autoincrement": false
        },
        "subscribed_at": {
          "name": "subscribed_at",
          "type": "datetime",
          "primaryKey": false,
          "notNull": false,
          "autoincrement": false
        }
      },
      "indexes": {},
      "foreignKeys": {},
      "compositePrimaryKeys": {}
    }
  },
  "schemas": {},
  "_meta": {
    "schemas": {},
    "tables": {},
    "columns": {}
  }
}