{
  "version": "5",
  "dialect": "mysql",
  "id": "11f232f1-7994-4e6a-b58c-7b4587981bdc",
  "prevId": "3758b424-2adb-4fc1-aff6-8409ceea1931",
  "tables": {
    "subscribers": {
      "name": "subscribers",
      "columns": {
        "id": {
          "name": "id",
          "type": "serial",
          "primaryKey": true,
          "notNull": true,
          "autoincrement": true
        },
        "email": {
          "name": "email",
          "type": "varchar(120)",
          "primaryKey": false,
          "notNull": false,
          "autoincrement": false
        },
        "token": {
          "name": "token",
          "type": "varchar(50)",
          "primaryKey": false,
          "notNull": false,
          "autoincrement": false
        },
        "subscribed_at": {
          "name": "subscribed_at",
          "type": "datetime",
          "primaryKey": false,
          "notNull": false,
          "autoincrement": false
        }
      },
      "indexes": {},
      "foreignKeys": {},
      "compositePrimaryKeys": {}
    }
  },
  "schemas": {},
  "_meta": {
    "schemas": {},
    "tables": {},
    "columns": {
      "\"subscribers\".\"cuid\"": "\"subscribers\".\"id\""
    }
  }
}